"","state_abbr","date","traf"
"1","CO",2020-05-16,-16.3260718220492
"2","FL",2020-05-16,-18.9663116513676
"3","LA",2020-05-16,-16.5243516501158
"4","MI",2020-05-16,-33.0734169117174
"5","MO",2020-05-16,-20.4827278262814
"6","NC",2020-05-16,-14.1065042235322
"7","OH",2020-05-16,-16.4054814492936
"8","RI",2020-05-16,-7.97665496237472
"9","US",2020-05-16,-21.1767795362085
"10","VA",2020-05-16,-28.8374409285741
"11","WA",2020-05-16,-31.5042490998941
"12","WA",2020-05-15,-25.8162339385909
"13","VA",2020-05-15,-30.1507604764963
"14","US",2020-05-15,-26.3210424202915
"15","RI",2020-05-15,-29.3966001150268
"16","OH",2020-05-15,-30.1938577337102
"17","MO",2020-05-15,-29.865737489055
"18","NC",2020-05-15,-22.5851650120041
"19","MI",2020-05-15,-36.8517369048006
"20","MA",2020-05-15,-35.4586260541026
"21","LA",2020-05-15,-21.469358535731
"22","FL",2020-05-15,-21.5709360956351
"23","CO",2020-05-15,-19.4984882263972
"24","AZ",2020-05-15,-17.1216960742193
"25","AZ",2020-05-14,-14.9199378115282
"26","CO",2020-05-14,-16.0176592633792
"27","FL",2020-05-14,-20.4020006520366
"28","CT",2020-05-14,-37.4351712678095
"29","LA",2020-05-14,-23.8020623149561
"30","IN",2020-05-14,-23.4163083668659
"31","MA",2020-05-14,-32.5674710287546
"32","MI",2020-05-14,-38.2192281547631
"33","NM",2020-05-14,-24.2494298736656
"34","MO",2020-05-14,-31.9704557033947
"35","NC",2020-05-14,-24.8462992841655
"36","MT",2020-05-14,-16.6450708835426
"37","OH",2020-05-14,-29.7548555924251
"38","RI",2020-05-14,-29.104852450254
"39","US",2020-05-14,-26.5012205995272
"40","VA",2020-05-14,-34.8747953220607
"41","WA",2020-05-14,-25.8212251399194
"42","WA",2020-05-13,-23.7681655655735
"43","VA",2020-05-13,-35.5250285969766
"44","US",2020-05-13,-24.5064396200704
"45","RI",2020-05-13,-30.0330705079867
"46","TN",2020-05-13,-14.4154462183446
"47","OH",2020-05-13,-25.9340846308431
"48","MT",2020-05-13,-20.3511669813644
"49","NC",2020-05-13,-26.3390104665738
"50","MO",2020-05-13,-37.4443351669873
"51","NM",2020-05-13,-23.5579330532781
"52","MI",2020-05-13,-31.1098839801745
"53","MA",2020-05-13,-34.6878276073846
"54","IN",2020-05-13,-21.717912394953
"55","IL",2020-05-13,-26.7338558234859
"56","LA",2020-05-13,-11.4453340543796
"57","FL",2020-05-13,-19.5003855295896
"58","CO",2020-05-13,-19.3072770656658
"59","AZ",2020-05-13,-13.8560382556893
"60","AZ",2020-05-12,-14.9207917721278
"61","CO",2020-05-12,-22.4821647802434
"62","FL",2020-05-12,-19.3502732767129
"63","LA",2020-05-12,-10.429013034644
"64","IL",2020-05-12,-25.4172164226304
"65","IN",2020-05-12,-20.8954665830795
"66","MA",2020-05-12,-35.6907036083518
"67","MI",2020-05-12,-35.2654061510173
"68","NM",2020-05-12,-23.6642067831023
"69","MO",2020-05-12,-35.7593367776027
"70","NC",2020-05-12,-25.4805590603099
"71","MT",2020-05-12,-23.4990282592934
"72","OH",2020-05-12,-27.713912483978
"73","RI",2020-05-12,-30.7681292257687
"74","TN",2020-05-12,-15.0098042047854
"75","US",2020-05-12,-23.7383389137677
"76","TX",2020-05-12,-18.3980210173807
"77","VA",2020-05-12,-32.7595257162315
"78","WA",2020-05-12,-26.0613774364813
"79","WA",2020-05-11,-24.8562003875635
"80","VA",2020-05-11,-29.421474403057
"81","TX",2020-05-11,-13.605439971491
"82","US",2020-05-11,-21.7359872826132
"83","TN",2020-05-11,-6.21206901826297
"84","RI",2020-05-11,-30.7130566557462
"85","OH",2020-05-11,-28.0100668219035
"86","MT",2020-05-11,-18.4371549549595
"87","NC",2020-05-11,-23.7639230554947
"88","MO",2020-05-11,-27.2844575905516
"89","NM",2020-05-11,-27.2851363824669
"90","MI",2020-05-11,-36.1932261456627
"91","MA",2020-05-11,-36.7372490834101
"92","IN",2020-05-11,-19.1839508474427
"93","IL",2020-05-11,-25.8032405246416
"94","LA",2020-05-11,-7.76292079031899
"95","FL",2020-05-11,-14.1757599470286
"96","CT",2020-05-11,-43.244965348013
"97","CO",2020-05-11,-29.4079584311209
"98","AZ",2020-05-11,-15.4037645390911
"99","AZ",2020-05-10,-17.8956886065268
"100","CO",2020-05-10,-27.5295588217524
"101","CT",2020-05-10,-41.8974610668073
"102","FL",2020-05-10,-26.5712784953869
"103","IL",2020-05-10,-34.8939738458147
"104","IN",2020-05-10,-30.7008136368207
"105","MA",2020-05-10,-37.3410734941475
"106","MI",2020-05-10,-43.3984290129334
"107","NM",2020-05-10,-28.7553867590903
"108","MO",2020-05-10,-6.67034787755622
"109","MT",2020-05-10,-17.569895574181
"110","NC",2020-05-10,-26.9543105957108
"111","OH",2020-05-10,-34.1473099864235
"112","RI",2020-05-10,-24.5262820989263
"113","TN",2020-05-10,-6.51332517901254
"114","US",2020-05-10,-26.9005251094838
"115","TX",2020-05-10,-22.3384777892117
"116","VA",2020-05-10,-31.0344611371023
"117","WA",2020-05-10,-24.9216632504221
"118","WA",2020-05-09,-21.2934320098359
"119","VA",2020-05-09,-33.3182476651588
"120","TX",2020-05-09,-17.9984431390003
"121","US",2020-05-09,-24.37536154271
"122","TN",2020-05-09,-5.80406345251789
"123","RI",2020-05-09,-34.0614760058363
"124","OH",2020-05-09,-35.1345956300511
"125","NC",2020-05-09,-26.975866853204
"126","MT",2020-05-09,-15.6071654584477
"127","MO",2020-05-09,-19.0792503479593
"128","NM",2020-05-09,-25.6903558629657
"129","MI",2020-05-09,-39.7601975536274
"130","MA",2020-05-09,-46.2629326873782
"131","IN",2020-05-09,-25.5411900463067
"132","LA",2020-05-09,-11.8229029721148
"133","IL",2020-05-09,-27.1054831089188
"134","FL",2020-05-09,-15.5166226849027
"135","CT",2020-05-09,-47.0924379078031
"136","CO",2020-05-09,-26.6492390433935
"137","AZ",2020-05-09,-21.3406126567977
"138","AZ",2020-05-08,-21.7308960837792
"139","CO",2020-05-08,-26.4228534876186
"140","CT",2020-05-08,-44.4342041722727
"141","FL",2020-05-08,-18.4815195870657
"142","IL",2020-05-08,-31.585218612317
"143","LA",2020-05-08,-14.3628548233776
"144","IN",2020-05-08,-29.9067459828845
"145","MA",2020-05-08,-37.7772167812181
"146","MI",2020-05-08,-43.2041764428497
"147","NM",2020-05-08,-26.9630554557904
"148","OH",2020-05-08,-36.6309164787755
"149","MO",2020-05-08,-28.5024752398152
"150","MT",2020-05-08,-21.538463343679
"151","NC",2020-05-08,-31.6562618085128
"152","RI",2020-05-08,-36.0592763930666
"153","TN",2020-05-08,-22.5279716521187
"154","US",2020-05-08,-27.9919015761111
"155","TX",2020-05-08,-22.4851770670809
"156","VA",2020-05-08,-36.1885242550706
"157","WA",2020-05-08,-24.2011517571208
"158","WA",2020-05-07,-23.3097650955521
"159","VA",2020-05-07,-37.5924086659726
"160","TX",2020-05-07,-20.9415689624474
"161","US",2020-05-07,-25.6529701206975
"162","TN",2020-05-07,-10.0392449740011
"163","RI",2020-05-07,-35.2751266855694
"164","NC",2020-05-07,-29.1579932848864
"165","MT",2020-05-07,-23.0616737317675
"166","MO",2020-05-07,-32.6893932587653
"167","OH",2020-05-07,-29.9822114206601
"168","NM",2020-05-07,-26.8863713261768
"169","MI",2020-05-07,-37.8988157152525
"170","MA",2020-05-07,-38.4133992034919
"171","IN",2020-05-07,-23.2610626354483
"172","LA",2020-05-07,-14.9108361841345
"173","IL",2020-05-07,-27.5590267331229
"174","FL",2020-05-07,-20.7139459359838
"175","CO",2020-05-07,-25.9135993412926
"176","AZ",2020-05-07,-20.4158288150376
"177","AZ",2020-05-06,-21.0751050756541
"178","CO",2020-05-06,-24.4133936880462
"179","IL",2020-05-06,-29.0796984280358
"180","CT",2020-05-06,-43.8527889198505
"181","FL",2020-05-06,-20.8447204226247
"182","LA",2020-05-06,-12.0633904777249
"183","IN",2020-05-06,-25.2430373223204
"184","MA",2020-05-06,-39.6659387499574
"185","MI",2020-05-06,-36.9746237336213
"186","MO",2020-05-06,-34.1807337177894
"187","NM",2020-05-06,-25.7950103943805
"188","OH",2020-05-06,-31.7064453121141
"189","NH",2020-05-06,-29.8205049298019
"190","MT",2020-05-06,-21.1399889507209
"191","NC",2020-05-06,-30.1811726317589
"192","RI",2020-05-06,-35.5848679307519
"193","TN",2020-05-06,-15.1981609746179
"194","US",2020-05-06,-26.6710976562167
"195","TX",2020-05-06,-18.8476485234802
"196","VA",2020-05-06,-41.5443687259281
"197","WA",2020-05-06,-27.8783846190681
"198","WA",2020-05-05,-23.6494362400271
"199","VA",2020-05-05,-36.7153266789245
"200","TX",2020-05-05,-20.9580495394506
"201","US",2020-05-05,-27.3540631681882
"202","TN",2020-05-05,-16.0419402942002
"203","RI",2020-05-05,-33.9513929443791
"204","NC",2020-05-05,-31.4514221887066
"205","MT",2020-05-05,-17.9437465249886
"206","NH",2020-05-05,-28.4568948221393
"207","OH",2020-05-05,-32.7829282047455
"208","NM",2020-05-05,-25.7341013767975
"209","MO",2020-05-05,-36.1018917811528
"210","MI",2020-05-05,-39.929113626502
"211","MA",2020-05-05,-40.6983304068644
"212","IN",2020-05-05,-29.1663548236354
"213","LA",2020-05-05,-12.9578516052666
"214","FL",2020-05-05,-20.2400833256894
"215","CT",2020-05-05,-39.4701658951694
"216","IL",2020-05-05,-32.7782621932337
"217","CO",2020-05-05,-24.736040940459
"218","AZ",2020-05-05,-20.2246879158786
"219","AZ",2020-05-04,-21.236154947864
"220","CO",2020-05-04,-29.4068732902703
"221","IL",2020-05-04,-25.6284662793664
"222","CT",2020-05-04,-42.931725775112
"223","FL",2020-05-04,-14.9172054067632
"224","LA",2020-05-04,-12.6644225577049
"225","IN",2020-05-04,-20.3735120083171
"226","MA",2020-05-04,-39.1807835594868
"227","MI",2020-05-04,-38.031948582068
"228","MO",2020-05-04,-31.3216577955487
"229","NM",2020-05-04,-26.4552373884642
"230","OH",2020-05-04,-26.2381692341689
"231","NH",2020-05-04,-29.3942080861276
"232","MT",2020-05-04,-20.4801341596365
"233","NC",2020-05-04,-27.1211887268083
"234","RI",2020-05-04,-31.3674834122693
"235","TN",2020-05-04,-9.12105726104772
"236","US",2020-05-04,-24.00528048567
"237","TX",2020-05-04,-19.0195042710773
"238","VA",2020-05-04,-28.5915580744922
"239","WA",2020-05-04,-29.8670473433435
"240","WA",2020-05-03,-43.5858945654311
"241","TX",2020-05-03,-29.8050206730885
"242","US",2020-05-03,-32.32470015191
"243","VA",2020-05-03,-32.6835649137956
"244","TN",2020-05-03,-15.4172919100618
"245","RI",2020-05-03,-29.4694179450196
"246","NC",2020-05-03,-34.64726875854
"247","MT",2020-05-03,-27.5426279491278
"248","NH",2020-05-03,-28.5935476097724
"249","OH",2020-05-03,-39.0275714387006
"250","NM",2020-05-03,-29.318035255628
"251","MO",2020-05-03,-27.5142619118305
"252","MI",2020-05-03,-40.9003030090495
"253","MA",2020-05-03,-45.5710220995508
"254","IN",2020-05-03,-36.7980792392433
"255","FL",2020-05-03,-24.5695248771566
"256","CT",2020-05-03,-42.9405052177161
"257","IL",2020-05-03,-35.2983661678152
"258","CO",2020-05-03,-32.7104095022761
"259","AZ",2020-05-03,-28.374473597664
"260","AZ",2020-05-02,-27.1621829499462
"261","CO",2020-05-02,-35.2682203548779
"262","IL",2020-05-02,-31.281636068756
"263","CT",2020-05-02,-44.6442510314669
"264","FL",2020-05-02,-24.2598169955121
"265","IN",2020-05-02,-27.1187029627213
"266","LA",2020-05-02,-18.6146166490784
"267","MA",2020-05-02,-45.8291055318163
"268","MI",2020-05-02,-41.2390712762205
"269","MO",2020-05-02,-28.6818633193191
"270","OH",2020-05-02,-33.8609952392637
"271","NH",2020-05-02,-33.2245048171492
"272","NM",2020-05-02,-28.7012611336308
"273","MT",2020-05-02,-16.8497024312228
"274","NC",2020-05-02,-33.3821883271442
"275","RI",2020-05-02,-32.6030730815155
"276","TN",2020-05-02,-9.74390866406313
"277","VA",2020-05-02,-35.8336849823548
"278","US",2020-05-02,-29.9618765052782
"279","TX",2020-05-02,-25.6896721623888
"280","WA",2020-05-02,-43.1394986201579
"281","WA",2020-05-01,-32.8764861756794
"282","TX",2020-05-01,-25.1209713656787
"283","US",2020-05-01,-30.0972483416756
"284","VA",2020-05-01,-39.7152492275801
"285","TN",2020-05-01,-14.1778344470051
"286","RI",2020-05-01,-38.9656664073565
"287","NC",2020-05-01,-33.4249437405855
"288","MT",2020-05-01,-22.7313104644538
"289","NM",2020-05-01,-28.4156915666844
"290","NH",2020-05-01,-41.2813170163158
"291","OH",2020-05-01,-36.2857768903392
"292","MO",2020-05-01,-35.7757268544178
"293","MI",2020-05-01,-41.9770751615349
"294","MA",2020-05-01,-48.5921636926477
"295","LA",2020-05-01,-7.56707134902446
"296","IN",2020-05-01,-29.6212436117188
"297","FL",2020-05-01,-23.5383547894141
"298","CT",2020-05-01,-48.5504915260908
"299","IL",2020-05-01,-30.7037487500381
"300","CO",2020-05-01,-29.9836047394566
"301","AZ",2020-05-01,-23.3758183741325
"302","AZ",2020-04-30,-26.5086545645769
"303","CO",2020-04-30,-26.1048036631394
"304","IL",2020-04-30,-29.4246024543809
"305","CT",2020-04-30,-49.4962811380128
"306","FL",2020-04-30,-36.4550080562706
"307","IN",2020-04-30,-30.3682012661781
"308","LA",2020-04-30,-18.850063345007
"309","MA",2020-04-30,-46.8268745953973
"310","MI",2020-04-30,-39.5687757308306
"311","MO",2020-04-30,-31.2766609586473
"312","OH",2020-04-30,-36.2325962588682
"313","NH",2020-04-30,-37.018822721638
"314","NM",2020-04-30,-28.3743447705904
"315","MT",2020-04-30,-19.1530363973704
"316","NC",2020-04-30,-37.8436186084607
"317","RI",2020-04-30,-39.2527411846124
"318","TN",2020-04-30,-17.4244893974384
"319","VA",2020-04-30,-43.3848033908086
"320","US",2020-04-30,-32.8707456011807
"321","TX",2020-04-30,-30.1500152058587
"322","WA",2020-04-30,-26.5568386699466
"323","WA",2020-04-29,-26.1413530348623
"324","VT",2020-04-29,-35.5602459691576
"325","TX",2020-04-29,-28.0942929132399
"326","US",2020-04-29,-33.0093477749758
"327","VA",2020-04-29,-35.9844133168545
"328","TN",2020-04-29,-27.0518475858545
"329","RI",2020-04-29,-33.7130541763791
"330","NC",2020-04-29,-31.6118893436399
"331","MT",2020-04-29,-10.7870048331812
"332","NM",2020-04-29,-26.5684660903179
"333","NH",2020-04-29,-28.2748765830339
"334","OH",2020-04-29,-37.0014973791734
"335","MO",2020-04-29,-43.521335023429
"336","MI",2020-04-29,-44.5840226851311
"337","MA",2020-04-29,-41.5020629484301
"338","LA",2020-04-29,-28.07382852694
"339","IN",2020-04-29,-33.2312775085174
"340","FL",2020-04-29,-33.1768280785077
"341","CT",2020-04-29,-44.0303548526828
"342","IL",2020-04-29,-36.6474113802702
"343","CO",2020-04-29,-25.0336357973633
"344","AZ",2020-04-29,-26.028257736227
"345","AZ",2020-04-28,-26.2745211645834
"346","CO",2020-04-28,-26.6672925990262
"347","IL",2020-04-28,-31.7828763352383
"348","CT",2020-04-28,-39.9748023629769
"349","FL",2020-04-28,-31.9968030335673
"350","IN",2020-04-28,-28.4811967953157
"351","LA",2020-04-28,-25.3102368172753
"352","MA",2020-04-28,-43.1982225202228
"353","MI",2020-04-28,-40.1218349380182
"354","MO",2020-04-28,-37.9551115478264
"355","OH",2020-04-28,-34.0183265479487
"356","NH",2020-04-28,-32.1305483666847
"357","NM",2020-04-28,-27.5214392958619
"358","MT",2020-04-28,-14.8091320021654
"359","NC",2020-04-28,-28.6821653699716
"360","RI",2020-04-28,-36.562994474627
"361","TN",2020-04-28,-15.9345350234189
"362","VA",2020-04-28,-35.7707980388513
"363","US",2020-04-28,-31.3290462673586
"364","TX",2020-04-28,-30.9454751377147
"365","VT",2020-04-28,-36.7584458491512
"366","WA",2020-04-28,-26.2833576114055
"367","WA",2020-04-27,-29.1605696545023
"368","VT",2020-04-27,-43.6420941137261
"369","TX",2020-04-27,-32.1506929856662
"370","US",2020-04-27,-32.4979503430559
"371","VA",2020-04-27,-40.0449038905173
"372","TN",2020-04-27,-15.1983216050761
"373","RI",2020-04-27,-42.4539432767165
"374","NC",2020-04-27,-32.2471699827407
"375","MT",2020-04-27,-20.8258786491552
"376","NM",2020-04-27,-33.1960810588273
"377","NH",2020-04-27,-41.3217513103672
"378","OH",2020-04-27,-32.6305055672128
"379","MO",2020-04-27,-40.2779446920039
"380","MI",2020-04-27,-41.29841179466
"381","LA",2020-04-27,-23.1357883058581
"382","MA",2020-04-27,-48.830009167993
"383","IN",2020-04-27,-28.2266681798465
"384","FL",2020-04-27,-28.9831069157924
"385","IL",2020-04-27,-32.1239930229296
"386","CO",2020-04-27,-27.4785985605119
"387","CT",2020-04-27,-47.7301274608841
"388","AZ",2020-04-27,-29.3091652851433
"389","AZ",2020-04-26,-36.8649146529577
"390","CT",2020-04-26,-60.5803091117525
"391","CO",2020-04-26,-35.9933405382494
"392","IL",2020-04-26,-32.9176520419418
"393","FL",2020-04-26,-40.8889601395554
"394","IN",2020-04-26,-41.2799809055661
"395","MA",2020-04-26,-57.9922006272452
"396","LA",2020-04-26,-23.5004598061617
"397","MI",2020-04-26,-46.4797209368421
"398","MO",2020-04-26,-25.3962867513024
"399","OH",2020-04-26,-49.9046474409118
"400","NH",2020-04-26,-44.934074825174
"401","NM",2020-04-26,-34.63225244308
"402","MT",2020-04-26,-15.964544183401
"403","NC",2020-04-26,-42.5735942678215
"404","RI",2020-04-26,-47.7829940061896
"405","TN",2020-04-26,-28.6603669889078
"406","VA",2020-04-26,-39.0115236694836
"407","US",2020-04-26,-40.2340496367851
"408","TX",2020-04-26,-41.8164958988714
"409","VT",2020-04-26,-49.3415343193514
"410","WA",2020-04-26,-40.8533295724083
"411","WA",2020-04-25,-43.112197064055
"412","VT",2020-04-25,-35.7903547854212
"413","TX",2020-04-25,-30.2575672184214
"414","US",2020-04-25,-37.4573429615188
"415","VA",2020-04-25,-39.6297849071734
"416","TN",2020-04-25,-32.9059682109568
"417","RI",2020-04-25,-31.3508087356766
"418","NC",2020-04-25,-42.0115399830884
"419","MT",2020-04-25,-21.2409739338677
"420","NM",2020-04-25,-30.96003926885
"421","NH",2020-04-25,-25.0835872565728
"422","OH",2020-04-25,-40.0897080134132
"423","MO",2020-04-25,-37.9708041518612
"424","MI",2020-04-25,-48.3626373925375
"425","LA",2020-04-25,-20.5247713552407
"426","MA",2020-04-25,-42.6615059416681
"427","IN",2020-04-25,-41.1108471729618
"428","FL",2020-04-25,-38.1993220095591
"429","IL",2020-04-25,-45.3432032115924
"430","CO",2020-04-25,-35.1555343194548
"431","CT",2020-04-25,-37.944163027508
"432","AZ",2020-04-25,-33.078722015882
"433","AZ",2020-04-24,-30.66162550788
"434","CT",2020-04-24,-51.4199963822841
"435","CO",2020-04-24,-37.261139413479
"436","IL",2020-04-24,-37.5087763281911
"437","FL",2020-04-24,-34.5567243662894
"438","IN",2020-04-24,-32.3909435213985
"439","MA",2020-04-24,-50.2225075567473
"440","LA",2020-04-24,-24.9957438120314
"441","MI",2020-04-24,-47.2903408721454
"442","MO",2020-04-24,-41.6804644531872
"443","OH",2020-04-24,-36.0230676777693
"444","NH",2020-04-24,-37.364446974937
"445","NM",2020-04-24,-30.1976077062436
"446","MT",2020-04-24,-26.2685572713171
"447","NC",2020-04-24,-36.080766433388
"448","RI",2020-04-24,-41.6670353286963
"449","TN",2020-04-24,-19.1091458970016
"450","VA",2020-04-24,-37.8948701158877
"451","US",2020-04-24,-36.1550596537719
"452","TX",2020-04-24,-35.7800893262426
"453","VT",2020-04-24,-43.1463229151169
"454","WA",2020-04-24,-35.8222442988789
"455","WA",2020-04-23,-35.0909404828697
"456","VT",2020-04-23,-39.863567950433
"457","TX",2020-04-23,-35.9551176278379
"458","US",2020-04-23,-38.3463244527025
"459","VA",2020-04-23,-42.0599192320532
"460","TN",2020-04-23,-31.8651511933203
"461","RI",2020-04-23,-37.2714580279377
"462","NC",2020-04-23,-41.7720370867803
"463","MT",2020-04-23,-29.5776454164953
"464","NM",2020-04-23,-34.451179454153
"465","NH",2020-04-23,-34.3526389491593
"466","OH",2020-04-23,-40.6986005328813
"467","MO",2020-04-23,-45.1970719054128
"468","MI",2020-04-23,-49.3287051295133
"469","LA",2020-04-23,-30.1699553470255
"470","MA",2020-04-23,-45.5896973185226
"471","IN",2020-04-23,-36.878327412273
"472","FL",2020-04-23,-36.4090961210456
"473","IL",2020-04-23,-36.2938244102216
"474","CT",2020-04-23,-47.3168106789511
"475","AZ",2020-04-23,-30.9664802688107
"476","CO",2020-04-23,-37.2027898597253
"477","CO",2020-04-22,-31.2890380771431
"478","AZ",2020-04-22,-30.4163313305885
"479","CT",2020-04-22,-46.6808364711746
"480","IL",2020-04-22,-34.9200412520641
"481","FL",2020-04-22,-33.9684439454326
"482","IN",2020-04-22,-30.3646565731307
"483","MA",2020-04-22,-47.180701224734
"484","LA",2020-04-22,-27.2982752098008
"485","MI",2020-04-22,-49.2281017689269
"486","MO",2020-04-22,-41.6744949257856
"487","OH",2020-04-22,-37.3096198547969
"488","NH",2020-04-22,-37.6174316969534
"489","NM",2020-04-22,-31.0411025202008
"490","MT",2020-04-22,-20.8308885084659
"491","NC",2020-04-22,-33.9258004963396
"492","RI",2020-04-22,-38.3429927815326
"493","TN",2020-04-22,-22.7796229990463
"494","VA",2020-04-22,-38.8512717863297
"495","US",2020-04-22,-35.7867696651643
"496","TX",2020-04-22,-36.7723818903761
"497","VT",2020-04-22,-45.7582323028223
"498","WA",2020-04-22,-33.1853691308487
"499","WA",2020-04-21,-30.7302522136303
"500","VT",2020-04-21,-47.5684108782687
"501","US",2020-04-21,-35.089341064072
"502","VA",2020-04-21,-39.2547244030128
"503","TN",2020-04-21,-18.366485658865
"504","TX",2020-04-21,-34.7283296359576
"505","RI",2020-04-21,-42.2443795767986
"506","NC",2020-04-21,-32.8190317666387
"507","MT",2020-04-21,-19.1660185046879
"508","NM",2020-04-21,-31.4204848011764
"509","NH",2020-04-21,-38.812187704233
"510","OH",2020-04-21,-38.3267569994264
"511","MO",2020-04-21,-39.5805611988993
"512","MI",2020-04-21,-49.3726237533655
"513","MA",2020-04-21,-49.9337909411682
"514","IN",2020-04-21,-31.9723706196157
"515","LA",2020-04-21,-21.9737018243013
"516","FL",2020-04-21,-32.3764727705996
"517","IL",2020-04-21,-34.9177489708429
"518","CT",2020-04-21,-52.5622046010548
"519","AZ",2020-04-21,-29.4862907125001
"520","CO",2020-04-21,-34.0546816402485
"521","CO",2020-04-20,-33.6234853863401
"522","AZ",2020-04-20,-31.6754159955882
"523","CT",2020-04-20,-47.3420253901081
"524","IL",2020-04-20,-34.7840902514128
"525","FL",2020-04-20,-35.0565706589147
"526","LA",2020-04-20,-25.2368688110131
"527","IN",2020-04-20,-30.5459714012698
"528","MA",2020-04-20,-47.7547502703156
"529","MI",2020-04-20,-46.9061225591953
"530","MO",2020-04-20,-41.9142161265586
"531","OH",2020-04-20,-35.7373311183188
"532","NH",2020-04-20,-33.5538268798109
"533","NM",2020-04-20,-34.6046731684511
"534","MT",2020-04-20,-23.1803695502473
"535","NC",2020-04-20,-40.9658503037003
"536","RI",2020-04-20,-37.6282840118796
"537","TX",2020-04-20,-36.8013438697996
"538","TN",2020-04-20,-19.7790371645644
"539","VA",2020-04-20,-46.84141090962
"540","US",2020-04-20,-36.3919669224789
"541","VT",2020-04-20,-39.4280326242817
"542","WA",2020-04-20,-28.5107215030564
"543","WA",2020-04-19,-41.5342833552608
"544","VT",2020-04-19,-43.3982666775575
"545","US",2020-04-19,-44.3674508384501
"546","VA",2020-04-19,-39.4893253452564
"547","TN",2020-04-19,-34.8426886070901
"548","TX",2020-04-19,-50.2479651642171
"549","RI",2020-04-19,-35.9523362393889
"550","NC",2020-04-19,-48.5072368553256
"551","NH",2020-04-19,-31.4488281825898
"552","MT",2020-04-19,-26.5327499101659
"553","NM",2020-04-19,-39.1429372623571
"554","OH",2020-04-19,-46.4976334796317
"555","MO",2020-04-19,-37.116829441725
"556","MI",2020-04-19,-57.5136100452381
"557","MA",2020-04-19,-48.1269789698573
"558","IN",2020-04-19,-45.3313730392757
"559","LA",2020-04-19,-42.0064973692144
"560","FL",2020-04-19,-41.4108901203844
"561","IL",2020-04-19,-39.3985720614564
"562","CT",2020-04-19,-48.4009514609739
"563","AZ",2020-04-19,-40.5553620862357
"564","CO",2020-04-19,-44.1752848738015
"565","WA",2020-04-18,-42.0921650607057
"566","VT",2020-04-18,-49.7797721297804
"567","TX",2020-04-18,-39.1582358743213
"568","US",2020-04-18,-41.9581554853114
"569","VA",2020-04-18,-47.1690063207547
"570","TN",2020-04-18,-26.8767182461945
"571","RI",2020-04-18,-52.6221234660023
"572","OH",2020-04-18,-44.0623212116814
"573","NH",2020-04-18,-49.0335274794887
"574","NM",2020-04-18,-34.9732057278354
"575","MT",2020-04-18,-32.5320050326683
"576","NC",2020-04-18,-43.576212019529
"577","MO",2020-04-18,-37.625512550492
"578","MI",2020-04-18,-54.5170689419197
"579","IN",2020-04-18,-38.5566142128283
"580","LA",2020-04-18,-27.5524352092947
"581","MA",2020-04-18,-61.5949812066735
"582","IL",2020-04-18,-38.7507505188808
"583","FL",2020-04-18,-42.6265663320236
"584","CT",2020-04-18,-51.6133853465616
"585","AZ",2020-04-18,-37.2655181673819
"586","CO",2020-04-18,-45.4393756883841
"587","AZ",2020-04-17,-33.43176665
"588","AZ",2020-04-16,-32.91583979
"589","AZ",2020-04-15,-31.00277943
"590","AZ",2020-04-14,-33.16655133
"591","AZ",2020-04-13,-39.16098875
"592","AZ",2020-04-12,-52.65235086
"593","AZ",2020-04-11,-45.16918511
"594","AZ",2020-04-10,-38.21446275
"595","AZ",2020-04-09,-37.66639361
"596","AZ",2020-04-08,-36.57583037
"597","AZ",2020-04-07,-33.12146187
"598","AZ",2020-04-06,-36.81712701
"599","AZ",2020-04-05,-44.38492215
"600","AZ",2020-04-04,-38.98634475
"601","AZ",2020-04-03,-36.65526579
"602","AZ",2020-04-02,-37.27582498
"603","AZ",2020-04-01,-33.28033254
"604","AZ",2020-03-31,-29.57057562
"605","AZ",2020-03-30,-33.60255875
"606","AZ",2020-03-29,-41.22089161
"607","AZ",2020-03-28,-37.3743328
"608","AZ",2020-03-27,-37.14158222
"609","AZ",2020-03-26,-33.03089214
"610","AZ",2020-03-25,-27.5
"611","AZ",2020-03-24,-25.6
"612","AZ",2020-03-23,-30
"613","AZ",2020-03-22,-35.1
"614","AZ",2020-03-21,-27.1
"615","AZ",2020-03-20,-22.6
"616","AZ",2020-03-19,-23
"617","AZ",2020-03-18,-16.9
"618","AZ",2020-03-17,-1.1
"619","AZ",2020-03-16,-1.7
"620","AZ",2020-03-15,-5
"621","AZ",2020-03-14,-4.1
"622","AZ",2020-03-13,-6.8
"623","AZ",2020-03-12,-5.9
"624","AZ",2020-03-11,-1.9
"625","AZ",2020-03-10,0.1
"626","AZ",2020-03-09,3.6
"627","AZ",2020-03-08,-2.6
"628","AZ",2020-03-07,0.9
"629","AZ",2020-03-06,1.3
"630","AZ",2020-03-05,0.1
"631","AZ",2020-03-04,0.3
"632","AZ",2020-03-03,-4.9
"633","AZ",2020-03-02,-3.3
"634","AZ",2020-03-01,11.7
"635","CO",2020-04-17,-42.51762471
"636","CO",2020-04-16,-54.62874872
"637","CO",2020-04-15,-36.94121176
"638","CO",2020-04-14,-41.40575607
"639","CO",2020-04-13,-50.21072649
"640","CO",2020-04-12,-66.84317156
"641","CO",2020-04-11,-43.43507263
"642","CO",2020-04-10,-41.66031524
"643","CO",2020-04-09,-40.53085974
"644","CO",2020-04-08,-36.91751199
"645","CO",2020-04-07,-37.4953675
"646","CO",2020-04-06,-38.50932448
"647","CO",2020-04-05,-49.84535729
"648","CO",2020-04-04,-49.21179475
"649","CO",2020-04-03,-47.65617113
"650","CO",2020-04-02,-48.81834289
"651","CO",2020-04-01,-37.10224796
"652","CO",2020-03-31,-37.36356673
"653","CO",2020-03-30,-41.02578485
"654","CO",2020-03-29,-52.02329307
"655","CO",2020-03-28,-54.65307944
"656","CO",2020-03-27,-47.63710349
"657","CO",2020-03-26,-40.25419308
"658","CO",2020-03-25,-31.7
"659","CO",2020-03-24,-30.3
"660","CO",2020-03-23,-31.1
"661","CO",2020-03-22,-40.4
"662","CO",2020-03-21,-37.3
"663","CO",2020-03-20,-40.6
"664","CO",2020-03-19,-47.9
"665","CO",2020-03-18,-17.5
"666","CO",2020-03-17,-16.9
"667","CO",2020-03-16,-8.3
"668","CO",2020-03-15,-15.5
"669","CO",2020-03-14,-14.3
"670","CO",2020-03-13,-11
"671","CO",2020-03-12,-0.4
"672","CO",2020-03-11,-1.4
"673","CO",2020-03-10,-3.2
"674","CO",2020-03-09,-0.6
"675","CO",2020-03-08,1.6
"676","CO",2020-03-07,1.4
"677","CO",2020-03-06,-0.9
"678","CO",2020-03-05,-2.7
"679","CO",2020-03-04,-2.2
"680","CO",2020-03-03,-13.2
"681","CO",2020-03-02,2
"682","CO",2020-03-01,10.2
"683","CT",2020-04-17,-48.41332382
"684","CT",2020-04-16,-48.41401792
"685","CT",2020-04-15,-48.32345022
"686","CT",2020-04-14,-46.82900174
"687","CT",2020-04-13,-60.53819873
"688","CT",2020-04-12,-62.27512977
"689","CT",2020-04-11,-48.4382831
"690","CT",2020-04-10,-53.62694696
"691","CT",2020-04-09,-56.30805049
"692","CT",2020-04-08,-53.12133516
"693","CT",2020-04-07,-48.85830152
"694","CT",2020-04-06,-43.63718981
"695","CT",2020-04-05,-57.62298316
"696","CT",2020-04-04,-51.9873528
"697","CT",2020-04-03,-54.83824988
"698","CT",2020-04-02,-52.71731969
"699","CT",2020-04-01,-41.39738527
"700","CT",2020-03-31,-39.88716707
"701","CT",2020-03-30,-34.8482136
"702","CT",2020-03-29,-53.71313801
"703","CT",2020-03-28,-44.35924612
"704","CT",2020-03-27,-45.30969575
"705","CT",2020-03-26,-42.02776407
"706","CT",2020-03-25,-46.5
"707","CT",2020-03-24,-39.8
"708","CT",2020-03-23,-45.9
"709","CT",2020-03-22,-44.6
"710","CT",2020-03-21,-40.1
"711","CT",2020-03-20,-33.6
"712","CT",2020-03-19,-38.8
"713","CT",2020-03-18,-26.5
"714","CT",2020-03-17,-17.5
"715","CT",2020-03-16,-13.3
"716","CT",2020-03-15,-18.7
"717","CT",2020-03-14,-15.9
"718","CT",2020-03-13,-5.3
"719","CT",2020-03-12,-4.8
"720","CT",2020-03-11,-0.4
"721","CT",2020-03-10,5.9
"722","CT",2020-03-09,NA
"723","CT",2020-03-08,NA
"724","CT",2020-03-07,1.5
"725","CT",2020-03-06,2.4
"726","CT",2020-03-05,2.4
"727","CT",2020-03-04,-0.1
"728","CT",2020-03-03,-0.3
"729","CT",2020-03-02,1.3
"730","CT",2020-03-01,3.1
"731","FL",2020-04-17,-34.35902529
"732","FL",2020-04-16,-39.5221831
"733","FL",2020-04-15,-37.77476913
"734","FL",2020-04-14,-37.91252153
"735","FL",2020-04-13,-38.80797778
"736","FL",2020-04-12,-52.76818558
"737","FL",2020-04-11,-44.97951113
"738","FL",2020-04-10,-39.54669697
"739","FL",2020-04-09,-39.78175718
"740","FL",2020-04-08,-39.42574419
"741","FL",2020-04-07,-38.80586305
"742","FL",2020-04-06,-40.42276918
"743","FL",2020-04-05,-53.86548857
"744","FL",2020-04-04,-49.45596459
"745","FL",2020-04-03,-40.33493725
"746","FL",2020-04-02,-33.51986028
"747","FL",2020-04-01,-32.78205672
"748","FL",2020-03-31,-32.56664491
"749","FL",2020-03-30,-29.87005833
"750","FL",2020-03-29,-43.64398139
"751","FL",2020-03-28,-37.68419185
"752","FL",2020-03-27,-31.90369915
"753","FL",2020-03-26,-32.79392067
"754","FL",2020-03-25,-29.9
"755","FL",2020-03-24,-29.8
"756","FL",2020-03-23,-27.1
"757","FL",2020-03-22,-34.9
"758","FL",2020-03-21,-31.3
"759","FL",2020-03-20,-22.9
"760","FL",2020-03-19,-20.2
"761","FL",2020-03-18,-17.7
"762","FL",2020-03-17,-13
"763","FL",2020-03-16,-7.3
"764","FL",2020-03-15,-8.8
"765","FL",2020-03-14,-7.8
"766","FL",2020-03-13,-3.6
"767","FL",2020-03-12,-1.3
"768","FL",2020-03-11,-0.4
"769","FL",2020-03-10,0.7
"770","FL",2020-03-09,0.4
"771","FL",2020-03-08,-3
"772","FL",2020-03-07,-0.7
"773","FL",2020-03-06,-0.1
"774","FL",2020-03-05,-1.5
"775","FL",2020-03-04,-0.4
"776","FL",2020-03-03,2.6
"777","FL",2020-03-02,1
"778","FL",2020-03-01,1
"779","IL",2020-04-17,-43.80938777
"780","IL",2020-04-16,-37.20883856
"781","IL",2020-04-15,-38.31893871
"782","IL",2020-04-14,-38.47705073
"783","IL",2020-04-13,-40.70532628
"784","IL",2020-04-12,-54.44007812
"785","IL",2020-04-11,-45.76027835
"786","IL",2020-04-10,-43.27440977
"787","IL",2020-04-09,-39.16122841
"788","IL",2020-04-08,-39.38497291
"789","IL",2020-04-07,-37.61322397
"790","IL",2020-04-06,-40.64743947
"791","IL",2020-04-05,-47.03085975
"792","IL",2020-04-04,-47.93269048
"793","IL",2020-04-03,-41.59154406
"794","IL",2020-04-02,-39.26551518
"795","IL",2020-04-01,-38.68580373
"796","IL",2020-03-31,-37.79785917
"797","IL",2020-03-30,-35.94666071
"798","IL",2020-03-29,-48.22484829
"799","IL",2020-03-28,-50.42866357
"800","IL",2020-03-27,-42.26998893
"801","IL",2020-03-26,-38.45899847
"802","IL",2020-03-25,-37.5
"803","IL",2020-03-24,-39.4
"804","IL",2020-03-23,-40.1
"805","IL",2020-03-22,-54.6
"806","IL",2020-03-21,-36.6
"807","IL",2020-03-20,-27.2
"808","IL",2020-03-19,-28.4
"809","IL",2020-03-18,-24.5
"810","IL",2020-03-17,-16.6
"811","IL",2020-03-16,-9.9
"812","IL",2020-03-15,-13.6
"813","IL",2020-03-14,-17.9
"814","IL",2020-03-13,-3.3
"815","IL",2020-03-12,-2.3
"816","IL",2020-03-11,-1.6
"817","IL",2020-03-10,-1.4
"818","IL",2020-03-09,-6.4
"819","IL",2020-03-08,5.5
"820","IL",2020-03-07,1.4
"821","IL",2020-03-06,-0.9
"822","IL",2020-03-05,0
"823","IL",2020-03-04,-0.2
"824","IL",2020-03-03,0.1
"825","IL",2020-03-02,-0.7
"826","IL",2020-03-01,4.8
"827","IN",2020-04-17,-43.29084229
"828","IN",2020-04-16,-35.67742183
"829","IN",2020-04-15,-37.10859097
"830","IN",2020-04-14,-37.40554851
"831","IN",2020-04-13,-39.82010689
"832","IN",2020-04-12,-57.34168414
"833","IN",2020-04-11,-45.43836235
"834","IN",2020-04-10,-44.13860924
"835","IN",2020-04-09,-39.4578491
"836","IN",2020-04-08,-37.33570176
"837","IN",2020-04-07,-37.02281487
"838","IN",2020-04-06,-37.5722977
"839","IN",2020-04-05,-50.85799758
"840","IN",2020-04-04,-48.88475356
"841","IN",2020-04-03,-39.39108218
"842","IN",2020-04-02,-39.11576672
"843","IN",2020-04-01,-40.6136586
"844","IN",2020-03-31,-37.56374704
"845","IN",2020-03-30,-34.61204114
"846","IN",2020-03-29,-48.67340059
"847","IN",2020-03-28,-50.61817605
"848","IN",2020-03-27,-42.43042636
"849","IN",2020-03-26,-37.69566165
"850","IN",2020-03-25,-38.4
"851","IN",2020-03-24,-30.4
"852","IN",2020-03-23,-25.8
"853","IN",2020-03-22,-41.2
"854","IN",2020-03-21,-34.1
"855","IN",2020-03-20,-25.3
"856","IN",2020-03-19,-22.6
"857","IN",2020-03-18,-19.6
"858","IN",2020-03-17,-12.6
"859","IN",2020-03-16,-8.1
"860","IN",2020-03-15,-12.9
"861","IN",2020-03-14,-18.6
"862","IN",2020-03-13,-3.6
"863","IN",2020-03-12,-1.8
"864","IN",2020-03-11,-0.9
"865","IN",2020-03-10,-1.4
"866","IN",2020-03-09,0
"867","IN",2020-03-08,5.5
"868","IN",2020-03-07,2.9
"869","IN",2020-03-06,-1
"870","IN",2020-03-05,1.5
"871","IN",2020-03-04,0.5
"872","IN",2020-03-03,1.9
"873","IN",2020-03-02,-1.5
"874","IN",2020-03-01,3.2
"875","LA",2020-04-17,-26.18530916
"876","LA",2020-04-16,-25.11319581
"877","LA",2020-04-15,-25.12332775
"878","LA",2020-04-14,-27.71078279
"879","LA",2020-04-13,-29.18593546
"880","LA",2020-04-12,-51.38624697
"881","LA",2020-04-11,-30.58851668
"882","LA",2020-04-10,-39.13520358
"883","LA",2020-04-09,-28.87726951
"884","LA",2020-04-08,-31.13911996
"885","LA",2020-04-07,-31.42179517
"886","LA",2020-04-06,-31.18129665
"887","LA",2020-04-05,-36.95823864
"888","LA",2020-04-04,-35.20643424
"889","LA",2020-04-03,-31.57276106
"890","LA",2020-04-02,-31.3797045
"891","LA",2020-04-01,-29.1591671
"892","LA",2020-03-31,-28.63744422
"893","LA",2020-03-30,-28.52602663
"894","LA",2020-03-28,-36.24656402
"895","LA",2020-03-27,-32.95417908
"896","LA",2020-03-26,-31.98672115
"897","LA",2020-03-25,-30.1
"898","LA",2020-03-24,-31
"899","LA",2020-03-23,-22.7
"900","LA",2020-03-22,NA
"901","LA",2020-03-21,-29.3
"902","LA",2020-03-20,-17
"903","LA",2020-03-19,-11.5
"904","LA",2020-03-18,-7.6
"905","LA",2020-03-17,-3.6
"906","LA",2020-03-16,4.1
"907","LA",2020-03-15,3.4
"908","LA",2020-03-14,4.2
"909","LA",2020-03-13,12.3
"910","LA",2020-03-12,16.2
"911","LA",2020-03-11,14.1
"912","LA",2020-03-10,12.1
"913","LA",2020-03-09,NA
"914","LA",2020-03-08,NA
"915","LA",2020-03-07,17.1
"916","LA",2020-03-06,16.1
"917","LA",2020-03-05,14.4
"918","LA",2020-03-04,6
"919","LA",2020-03-03,15.3
"920","LA",2020-03-02,16.8
"921","LA",2020-03-01,NA
"922","MA",2020-04-17,-46.91474742
"923","MA",2020-04-16,-47.14119266
"924","MA",2020-04-15,-45.97981964
"925","MA",2020-04-14,-43.9609943
"926","MA",2020-04-13,-54.49063487
"927","MA",2020-04-12,-57.12038869
"928","MA",2020-04-11,-50.13993937
"929","MA",2020-04-10,-52.33231221
"930","MA",2020-04-09,-54.56210408
"931","MA",2020-04-08,-51.4749979
"932","MA",2020-04-07,-48.07502794
"933","MA",2020-04-06,-47.08276348
"934","MA",2020-04-05,-58.53789296
"935","MA",2020-04-04,-57.23335939
"936","MA",2020-04-03,-55.13944944
"937","MA",2020-04-02,-52.87105092
"938","MA",2020-04-01,-49.25621682
"939","MA",2020-03-31,-47.97081769
"940","MA",2020-03-30,-47.56309865
"941","MA",2020-03-29,-63.37968105
"942","MA",2020-03-28,-52.10409168
"943","MA",2020-03-27,-46.07727011
"944","MA",2020-03-26,-47.49796176
"945","MA",2020-03-25,-45
"946","MA",2020-03-24,-43
"947","MA",2020-03-23,-35.9
"948","MA",2020-03-22,-40.2
"949","MA",2020-03-21,-36.9
"950","MA",2020-03-20,-34.8
"951","MA",2020-03-19,-36.8
"952","MA",2020-03-18,-28.5
"953","MA",2020-03-17,-30.5
"954","MA",2020-03-16,-12.8
"955","MA",2020-03-15,-21.1
"956","MA",2020-03-14,-15.8
"957","MA",2020-03-13,-9.9
"958","MA",2020-03-12,-3.6
"959","MA",2020-03-11,0.2
"960","MA",2020-03-10,-1.2
"961","MA",2020-03-09,7.3
"962","MA",2020-03-08,2.2
"963","MA",2020-03-07,0.4
"964","MA",2020-03-06,2.3
"965","MA",2020-03-05,1.2
"966","MA",2020-03-04,2.8
"967","MA",2020-03-03,0.4
"968","MA",2020-03-02,6.5
"969","MA",2020-03-01,2.7
"970","MI",2020-04-17,-55.30897082
"971","MI",2020-04-16,-51.94294498
"972","MI",2020-04-15,-52.11346346
"973","MI",2020-04-14,-53.65955074
"974","MI",2020-04-13,-58.04129602
"975","MI",2020-04-12,-67.93442299
"976","MI",2020-04-11,-58.83635737
"977","MI",2020-04-10,-56.3446103
"978","MI",2020-04-09,-53.1276448
"979","MI",2020-04-08,-50.94624513
"980","MI",2020-04-07,-53.40692462
"981","MI",2020-04-06,-52.09044187
"982","MI",2020-04-05,-58.87383011
"983","MI",2020-04-04,-61.00731621
"984","MI",2020-04-03,-52.68541495
"985","MI",2020-04-02,-51.89182554
"986","MI",2020-04-01,-52.42942099
"987","MI",2020-03-31,-51.0422438
"988","MI",2020-03-30,-50.82203034
"989","MI",2020-03-29,-61.37072493
"990","MI",2020-03-28,-61.52918206
"991","MI",2020-03-27,-53.48692479
"992","MI",2020-03-26,-51.7983333
"993","MI",2020-03-25,-48.4
"994","MI",2020-03-24,-48.5
"995","MI",2020-03-23,-25.9
"996","MI",2020-03-22,-40.8
"997","MI",2020-03-21,-36.7
"998","MI",2020-03-20,-33.9
"999","MI",2020-03-19,-26.3
"1000","MI",2020-03-18,-21
"1001","MI",2020-03-17,-17.4
"1002","MI",2020-03-16,-11.3
"1003","MI",2020-03-15,-13.6
"1004","MI",2020-03-14,-15.8
"1005","MI",2020-03-13,-8
"1006","MI",2020-03-12,-1.6
"1007","MI",2020-03-11,1.2
"1008","MI",2020-03-10,1
"1009","MI",2020-03-09,1.6
"1010","MI",2020-03-08,NA
"1011","MI",2020-03-07,6.3
"1012","MI",2020-03-06,-0.2
"1013","MI",2020-03-05,-0.5
"1014","MI",2020-03-04,2.5
"1015","MI",2020-03-03,1.6
"1016","MI",2020-03-02,2.1
"1017","MI",2020-03-01,4.7
"1018","MO",2020-04-17,-48.68924607
"1019","MO",2020-04-16,-42.51446171
"1020","MO",2020-04-15,-43.41824413
"1021","MO",2020-04-14,-46.76499811
"1022","MO",2020-04-13,-39.04699353
"1023","MO",2020-04-12,-53.79833765
"1024","MO",2020-04-11,-41.76469099
"1025","MO",2020-04-10,-45.80064865
"1026","MO",2020-04-09,-38.71321341
"1027","MO",2020-04-08,-44.59253177
"1028","MO",2020-04-07,-45.76027466
"1029","MO",2020-04-06,-48.3978584
"1030","MO",2020-04-05,-46.81895887
"1031","MO",2020-04-04,-50.5170669
"1032","MO",2020-04-03,-47.80389356
"1033","MO",2020-04-02,-45.44830742
"1034","MO",2020-04-01,-46.29327266
"1035","MO",2020-03-31,-42.95186972
"1036","MO",2020-03-30,-41.58654575
"1037","MO",2020-03-29,-1.777921824
"1038","MO",2020-03-28,-39.67314706
"1039","MO",2020-03-27,-45.58895184
"1040","MO",2020-03-26,-45.92554478
"1041","MO",2020-03-25,-44.1
"1042","MO",2020-03-24,-48.2
"1043","MO",2020-03-23,-43.4
"1044","MO",2020-03-22,-39.2
"1045","MO",2020-03-21,-35.7
"1046","MO",2020-03-20,-32.7
"1047","MO",2020-03-19,-36.8
"1048","MO",2020-03-18,-35.5
"1049","MO",2020-03-17,-29.5
"1050","MO",2020-03-16,-23.6
"1051","MO",2020-03-15,-14.7
"1052","MO",2020-03-14,-18.4
"1053","MO",2020-03-13,-15.6
"1054","MO",2020-03-12,-20.9
"1055","MO",2020-03-11,-13.5
"1056","MO",2020-03-10,-11.5
"1057","MO",2020-03-09,-10
"1058","MO",2020-03-08,NA
"1059","MO",2020-03-07,2.5
"1060","MO",2020-03-06,-9.1
"1061","MO",2020-03-05,-4.4
"1062","MO",2020-03-04,-8.5
"1063","MO",2020-03-03,-6.2
"1064","MO",2020-03-02,-10
"1065","MO",2020-03-01,12.9
"1066","MT",2020-04-17,-29.05260454
"1067","MT",2020-04-16,-32.67949067
"1068","MT",2020-04-15,-38.19427391
"1069","MT",2020-04-14,-32.06006238
"1070","MT",2020-04-13,-37.20212127
"1071","MT",2020-04-12,-53.01956357
"1072","MT",2020-04-11,-60.6919318
"1073","MT",2020-04-10,-33.1709634
"1074","MT",2020-04-09,-29.77571651
"1075","MT",2020-04-08,-29.75148931
"1076","MT",2020-04-07,-31.44808182
"1077","MT",2020-04-06,-35.93511109
"1078","MT",2020-04-05,-41.19278178
"1079","MT",2020-04-04,-41.36131023
"1080","MT",2020-04-03,-42.17224783
"1081","MT",2020-04-02,-45.40587054
"1082","MT",2020-04-01,-47.01961601
"1083","MT",2020-03-31,-31.67923755
"1084","MT",2020-03-30,-23.21724231
"1085","MT",2020-03-29,-35.32124042
"1086","MT",2020-03-28,-35.52953293
"1087","MT",2020-03-27,-17.13251682
"1088","MT",2020-03-26,-18.59843063
"1089","MT",2020-03-25,-20.8
"1090","MT",2020-03-24,-19.9
"1091","MT",2020-03-23,-11.2
"1092","MT",2020-03-22,-17.7
"1093","MT",2020-03-21,-11.4
"1094","MT",2020-03-20,-11
"1095","MT",2020-03-19,-13.2
"1096","MT",2020-03-18,-7.2
"1097","MT",2020-03-17,-2.7
"1098","MT",2020-03-16,-5.1
"1099","MT",2020-03-15,-28.3
"1100","MT",2020-03-14,-31.4
"1101","MT",2020-03-13,-6
"1102","MT",2020-03-12,6.1
"1103","MT",2020-03-11,5.6
"1104","MT",2020-03-10,3.4
"1105","MT",2020-03-09,3.3
"1106","MT",2020-03-08,-3.3
"1107","MT",2020-03-07,4.8
"1108","MT",2020-03-06,8.7
"1109","MT",2020-03-05,6.2
"1110","MT",2020-03-04,0.6
"1111","MT",2020-03-03,0.2
"1112","MT",2020-03-02,2.5
"1113","MT",2020-03-01,0.4
"1114","NC",2020-04-17,-37.58736981
"1115","NC",2020-04-16,-37.690677
"1116","NC",2020-04-15,-38.67691681
"1117","NC",2020-04-14,-35.03786743
"1118","NC",2020-04-13,-46.33244025
"1119","NC",2020-04-12,-58.4200321
"1120","NC",2020-04-11,-46.89450193
"1121","NC",2020-04-10,-46.28466069
"1122","NC",2020-04-09,-41.12738824
"1123","NC",2020-04-08,-39.85904524
"1124","NC",2020-04-07,-38.88156624
"1125","NC",2020-04-06,-39.40594786
"1126","NC",2020-04-05,-53.44201788
"1127","NC",2020-04-04,-48.88900921
"1128","NC",2020-04-03,-42.47061605
"1129","NC",2020-04-02,-43.72482852
"1130","NC",2020-04-01,-42.64048145
"1131","NC",2020-03-31,-40.76062101
"1132","NC",2020-03-30,-34.25331431
"1133","NC",2020-03-29,-46.02565688
"1134","NC",2020-03-28,-43.5501388
"1135","NC",2020-03-27,-36.95274152
"1136","NC",2020-03-26,-34.74518396
"1137","NC",2020-03-25,-29.9
"1138","NC",2020-03-24,-26
"1139","NC",2020-03-23,NA
"1140","NC",2020-03-22,NA
"1141","NC",2020-03-21,NA
"1142","NC",2020-03-20,-14.4
"1143","NC",2020-03-19,-1.5
"1144","NC",2020-03-18,0.9
"1145","NC",2020-03-17,-1.5
"1146","NC",2020-03-16,-3
"1147","NC",2020-03-15,-8.7
"1148","NC",2020-03-14,-5.1
"1149","NC",2020-03-13,-2.6
"1150","NC",2020-03-12,0
"1151","NC",2020-03-11,1.5
"1152","NC",2020-03-10,-0.3
"1153","NC",2020-03-09,1.5
"1154","NC",2020-03-08,NA
"1155","NC",2020-03-07,-3.3
"1156","NC",2020-03-06,-1.1
"1157","NC",2020-03-05,-4.6
"1158","NC",2020-03-04,-1.1
"1159","NC",2020-03-03,-1.1
"1160","NC",2020-03-02,0.1
"1161","NC",2020-03-01,-1.4
"1162","NH",2020-04-17,-41.10836636
"1163","NH",2020-04-16,-42.21217073
"1164","NH",2020-04-15,-38.9426568
"1165","NH",2020-04-14,-38.48011555
"1166","NH",2020-04-13,-48.93147357
"1167","NH",2020-04-12,-57.42491446
"1168","NH",2020-04-11,-47.18630824
"1169","NH",2020-04-10,-47.77093445
"1170","NH",2020-04-09,-48.92741531
"1171","NH",2020-04-08,-41.38631116
"1172","NH",2020-04-07,-37.24706108
"1173","NH",2020-04-06,-36.06139234
"1174","NH",2020-04-05,-48.26815509
"1175","NH",2020-04-04,-43.71360525
"1176","NH",2020-04-03,-45.51885346
"1177","NH",2020-04-02,-45.58918358
"1178","NH",2020-04-01,-39.71698822
"1179","NH",2020-03-31,-39.66608532
"1180","NH",2020-03-30,-41.1275917
"1181","NH",2020-03-29,-58.85039826
"1182","NH",2020-03-28,-45.20586149
"1183","NH",2020-03-27,-36.11598979
"1184","NH",2020-03-26,-35.86551033
"1185","NM",2020-04-17,-34.48723279
"1186","NM",2020-04-16,-36.52685988
"1187","NM",2020-04-15,-32.46880101
"1188","NM",2020-04-14,-37.74258728
"1189","NM",2020-04-13,-47.01839952
"1190","NM",2020-04-12,-53.4720255
"1191","NM",2020-04-11,-41.71711943
"1192","NM",2020-04-10,-41.33102979
"1193","NM",2020-04-09,-38.77894523
"1194","NM",2020-04-08,-35.0438853
"1195","NM",2020-04-07,-34.62492244
"1196","NM",2020-04-06,-38.9872781
"1197","NM",2020-04-05,-40.73827177
"1198","NM",2020-04-04,-38.00289578
"1199","NM",2020-04-03,-36.06853707
"1200","NM",2020-04-02,-38.09051929
"1201","NM",2020-04-01,-31.80011401
"1202","NM",2020-03-31,-32.13399464
"1203","NM",2020-03-30,-35.32833138
"1204","NM",2020-03-29,-42.9502095
"1205","NM",2020-03-28,-41.6970417
"1206","NM",2020-03-27,-40.81635531
"1207","NM",2020-03-26,-37.6143088
"1208","NM",2020-03-25,-31.3
"1209","NM",2020-03-24,-28.1
"1210","NM",2020-03-23,-22.8
"1211","NM",2020-03-22,-27.9
"1212","NM",2020-03-21,-27.2
"1213","NM",2020-03-20,-22.3
"1214","NM",2020-03-19,-20.4
"1215","NM",2020-03-18,-10.7
"1216","NM",2020-03-17,-6.4
"1217","NM",2020-03-16,-2.8
"1218","NM",2020-03-15,-9
"1219","NM",2020-03-14,-1.5
"1220","NM",2020-03-13,-7.6
"1221","NM",2020-03-12,2.6
"1222","NM",2020-03-11,4.2
"1223","NM",2020-03-10,2.4
"1224","NM",2020-03-09,4.1
"1225","NM",2020-03-08,NA
"1226","NM",2020-03-07,-0.4
"1227","NM",2020-03-06,-2
"1228","NM",2020-03-05,-3.6
"1229","NM",2020-03-04,-1.6
"1230","NM",2020-03-03,-2
"1231","NM",2020-03-02,-3.3
"1232","NM",2020-03-01,-2.5
"1233","OH",2020-04-17,-45.09958362
"1234","OH",2020-04-16,-40.94223399
"1235","OH",2020-04-15,-41.27627763
"1236","OH",2020-04-14,-40.86113378
"1237","OH",2020-04-13,-45.02030982
"1238","OH",2020-04-12,-56.38385888
"1239","OH",2020-04-11,-48.23494573
"1240","OH",2020-04-10,-46.83658867
"1241","OH",2020-04-09,-44.20094388
"1242","OH",2020-04-08,-41.39243347
"1243","OH",2020-04-07,-43.75152115
"1244","OH",2020-04-06,-41.03492883
"1245","OH",2020-04-05,-53.97900984
"1246","OH",2020-04-04,-48.51855966
"1247","OH",2020-04-03,-42.32190922
"1248","OH",2020-04-02,-43.30284605
"1249","OH",2020-04-01,-43.66518613
"1250","OH",2020-03-31,-40.7332999
"1251","OH",2020-03-30,-39.90467919
"1252","OH",2020-03-29,-48.34558633
"1253","OH",2020-03-28,-54.67305873
"1254","OH",2020-03-27,-46.08893801
"1255","OH",2020-03-26,-41.09157752
"1256","OH",2020-03-25,-41.5
"1257","OH",2020-03-24,-43.1
"1258","OH",2020-03-23,-30.2
"1259","OH",2020-03-22,-39.5
"1260","OH",2020-03-21,-41.3
"1261","OH",2020-03-20,-31.6
"1262","OH",2020-03-19,-26.7
"1263","OH",2020-03-18,-23
"1264","OH",2020-03-17,-18.6
"1265","OH",2020-03-16,-10.8
"1266","OH",2020-03-15,-17.6
"1267","OH",2020-03-14,-21.3
"1268","OH",2020-03-13,-8.5
"1269","OH",2020-03-12,-2.8
"1270","OH",2020-03-11,-2.2
"1271","OH",2020-03-10,-2.7
"1272","OH",2020-03-09,2.2
"1273","OH",2020-03-08,5.3
"1274","OH",2020-03-07,0.7
"1275","OH",2020-03-06,-1.9
"1276","OH",2020-03-05,1.4
"1277","OH",2020-03-04,-0.8
"1278","OH",2020-03-03,-1
"1279","OH",2020-03-02,-1.3
"1280","OH",2020-03-01,3.2
"1281","RI",2020-04-17,-36.88920098
"1282","RI",2020-04-16,-39.55522599
"1283","RI",2020-04-15,-39.04161397
"1284","RI",2020-04-14,-36.68325704
"1285","RI",2020-04-13,-48.32730913
"1286","RI",2020-04-12,-50.51298268
"1287","RI",2020-04-11,-41.73121387
"1288","RI",2020-04-10,-40.28838192
"1289","RI",2020-04-09,-46.52311892
"1290","RI",2020-04-08,-44.51381645
"1291","RI",2020-04-07,-40.75403508
"1292","RI",2020-04-06,-38.33660652
"1293","RI",2020-04-05,-48.61732022
"1294","RI",2020-04-04,-47.54452322
"1295","RI",2020-04-03,-45.18159422
"1296","RI",2020-04-02,-44.38369324
"1297","RI",2020-04-01,-42.46251275
"1298","RI",2020-03-31,-39.20518129
"1299","RI",2020-03-30,-35.53107442
"1300","RI",2020-03-29,-53.81112632
"1301","RI",2020-03-28,-37.47176883
"1302","RI",2020-03-27,-35.01671023
"1303","RI",2020-03-26,-35.63043851
"1304","RI",2020-03-25,-40.6
"1305","RI",2020-03-24,-36.6
"1306","RI",2020-03-23,-31.3
"1307","RI",2020-03-22,-37.5
"1308","RI",2020-03-21,-31.2
"1309","RI",2020-03-20,-30.2
"1310","RI",2020-03-19,-34.8
"1311","RI",2020-03-18,-26
"1312","RI",2020-03-17,-27.1
"1313","RI",2020-03-16,-9.6
"1314","RI",2020-03-15,-16.8
"1315","RI",2020-03-14,-11.5
"1316","RI",2020-03-13,-9.2
"1317","RI",2020-03-12,-3.5
"1318","RI",2020-03-11,-0.3
"1319","RI",2020-03-10,0.4
"1320","RI",2020-03-09,10.9
"1321","RI",2020-03-08,0.2
"1322","RI",2020-03-07,2.4
"1323","RI",2020-03-06,0.7
"1324","RI",2020-03-05,1.4
"1325","RI",2020-03-04,1
"1326","RI",2020-03-03,1.6
"1327","RI",2020-03-02,11.3
"1328","RI",2020-03-01,4
"1329","TN",2020-04-17,-21.18761559
"1330","TN",2020-04-16,-23.23998148
"1331","TN",2020-04-15,-25.00378983
"1332","TN",2020-04-14,-28.89092811
"1333","TN",2020-04-13,-30.35157979
"1334","TN",2020-04-12,-55.12314603
"1335","TN",2020-04-11,-30.1294575
"1336","TN",2020-04-10,-31.00760729
"1337","TN",2020-04-09,-29.12095289
"1338","TN",2020-04-08,-31.3018177
"1339","TN",2020-04-07,-32.33878151
"1340","TN",2020-04-06,-27.80987415
"1341","TN",2020-04-05,-36.66321895
"1342","TN",2020-04-04,-39.89157452
"1343","TN",2020-04-03,-31.50614474
"1344","TN",2020-04-02,-28.01633088
"1345","TN",2020-04-01,-29.80025279
"1346","TN",2020-03-31,-33.89126502
"1347","TN",2020-03-30,-21.50565838
"1348","TN",2020-03-29,-22.2936166
"1349","TN",2020-03-28,-20.46980427
"1350","TN",2020-03-27,-23.83522425
"1351","TN",2020-03-26,-23.34919258
"1352","TN",2020-03-25,-26.9
"1353","TN",2020-03-24,-34.2
"1354","TN",2020-03-23,-28.3
"1355","TN",2020-03-22,-27.4
"1356","TN",2020-03-21,-21.5
"1357","TN",2020-03-20,-23.3
"1358","TN",2020-03-19,-12.4
"1359","TN",2020-03-18,-13.9
"1360","TN",2020-03-17,-11.6
"1361","TN",2020-03-16,-8.9
"1362","TN",2020-03-15,-6.6
"1363","TN",2020-03-14,10.4
"1364","TN",2020-03-13,-0.7
"1365","TN",2020-03-12,-0.9
"1366","TN",2020-03-11,-2.1
"1367","TN",2020-03-10,-2.2
"1368","TN",2020-03-09,-0.4
"1369","TN",2020-03-08,6.6
"1370","TN",2020-03-07,7.6
"1371","TN",2020-03-06,-1.6
"1372","TN",2020-03-05,-1.9
"1373","TN",2020-03-04,NA
"1374","TN",2020-03-03,NA
"1375","TN",2020-03-02,NA
"1376","TN",2020-03-01,NA
"1377","TX",2020-04-17,-38.36704557
"1378","TX",2020-04-16,-36.0337818
"1379","TX",2020-04-15,-32.90270308
"1380","TX",2020-04-14,-36.26979535
"1381","TX",2020-04-13,-37.82380179
"1382","TX",2020-04-12,-54.79824257
"1383","TX",2020-04-11,-48.93157735
"1384","TX",2020-04-10,-40.18345195
"1385","TX",2020-04-09,-34.40790942
"1386","TX",2020-04-08,-30.04368302
"1387","TX",2020-04-07,-32.39065075
"1388","TX",2020-04-06,-36.55507543
"1389","TX",2020-04-05,-50.57092473
"1390","TX",2020-04-04,-45.34084887
"1391","TX",2020-04-03,-39.39686885
"1392","TX",2020-04-02,-36.64628283
"1393","TX",2020-04-01,-29.37832189
"1394","TX",2020-03-31,-32.18942556
"1395","TX",2020-03-30,-35.75702754
"1396","TX",2020-03-29,-46.89863667
"1397","TX",2020-03-28,-44.51772406
"1398","TX",2020-03-27,-37.06681631
"1399","TX",2020-03-26,-33.30280265
"1400","TX",2020-03-25,-27.2
"1401","TX",2020-03-24,-21.7
"1402","TX",2020-03-23,-23
"1403","TX",2020-03-22,-39.6
"1404","TX",2020-03-21,-34.6
"1405","TX",2020-03-20,-24.6
"1406","TX",2020-03-19,-17.1
"1407","TX",2020-03-18,-10.8
"1408","TX",2020-03-17,-7.8
"1409","TX",2020-03-16,-4
"1410","TX",2020-03-15,-9.3
"1411","TX",2020-03-14,-4.2
"1412","TX",2020-03-13,-4.6
"1413","TX",2020-03-12,0.8
"1414","TX",2020-03-11,4.2
"1415","TX",2020-03-10,3.2
"1416","TX",2020-03-09,0.9
"1417","TX",2020-03-08,-2.8
"1418","TX",2020-03-07,2.9
"1419","TX",2020-03-06,0.2
"1420","TX",2020-03-05,-3.2
"1421","TX",2020-03-04,-7.4
"1422","TX",2020-03-03,-0.7
"1423","TX",2020-03-02,0
"1424","TX",2020-03-01,-1.7
"1425","US",2020-04-17,-39.30010505
"1426","US",2020-04-16,-38.62988514
"1427","US",2020-04-15,-37.77187496
"1428","US",2020-04-14,-38.55979622
"1429","US",2020-04-13,-42.51571622
"1430","US",2020-04-12,-56.16536241
"1431","US",2020-04-11,-45.87299427
"1432","US",2020-04-10,-43.11421341
"1433","US",2020-04-09,-40.17044113
"1434","US",2020-04-08,-38.83817554
"1435","US",2020-04-07,-38.9602593
"1436","US",2020-04-06,-39.99555688
"1437","US",2020-04-05,-50.36955579
"1438","US",2020-04-04,-48.01490832
"1439","US",2020-04-03,-42.13491717
"1440","US",2020-04-02,-40.58907217
"1441","US",2020-04-01,-38.31645241
"1442","US",2020-03-31,-37.5431682
"1443","US",2020-03-30,-36.30957589
"1444","US",2020-03-29,-44.8965699
"1445","US",2020-03-28,-44.89508073
"1446","US",2020-03-27,-39.52485602
"1447","US",2020-03-26,-37.28427909
"1448","US",2020-03-25,-35.1
"1449","US",2020-03-24,-33.5
"1450","US",2020-03-23,-30.2
"1451","US",2020-03-22,-39.2
"1452","US",2020-03-21,-33.9
"1453","US",2020-03-20,-27.2
"1454","US",2020-03-19,-24.1
"1455","US",2020-03-18,-19
"1456","US",2020-03-17,-14.7
"1457","US",2020-03-16,-9
"1458","US",2020-03-15,-12.9
"1459","US",2020-03-14,-11.2
"1460","US",2020-03-13,-5.8
"1461","US",2020-03-12,-1.9
"1462","US",2020-03-11,-0.1
"1463","US",2020-03-10,0.2
"1464","US",2020-03-09,0.3
"1465","US",2020-03-08,0.6
"1466","US",2020-03-07,1.5
"1467","US",2020-03-06,-0.6
"1468","US",2020-03-05,-0.9
"1469","US",2020-03-04,0.6
"1470","US",2020-03-03,-0.2
"1471","US",2020-03-02,1.9
"1472","US",2020-03-01,7
"1473","VA",2020-04-17,-34.96994137
"1474","VA",2020-04-16,-40.66851809
"1475","VA",2020-04-15,-45.06985658
"1476","VA",2020-04-14,-39.52675085
"1477","VA",2020-04-13,-50.75740972
"1478","VA",2020-04-11,-42.14806489
"1479","VA",2020-04-10,-41.71835968
"1480","VA",2020-04-09,-43.25414927
"1481","VA",2020-04-08,-45.07149922
"1482","VA",2020-04-07,-43.16648019
"1483","VA",2020-04-06,-44.71836192
"1484","VA",2020-04-05,-46.28814322
"1485","VA",2020-04-04,-47.54805426
"1486","VA",2020-04-03,-40.51728743
"1487","VA",2020-04-02,-45.0681046
"1488","VA",2020-04-01,-48.10562746
"1489","VA",2020-03-31,-45.4257164
"1490","VA",2020-03-30,-39.95805626
"1491","VA",2020-03-29,-39.50125254
"1492","VA",2020-03-28,-44.82688457
"1493","VA",2020-03-27,-39.44093702
"1494","VA",2020-03-26,-40.73464768
"1495","VA",2020-03-25,-48.2
"1496","VA",2020-03-24,-38
"1497","VA",2020-03-23,-41.9
"1498","VA",2020-03-22,-41.9
"1499","VA",2020-03-21,-45.7
"1500","VA",2020-03-20,-30.1
"1501","VA",2020-03-19,-31.2
"1502","VA",2020-03-18,-31.1
"1503","VA",2020-03-17,-26.1
"1504","VA",2020-03-16,-21
"1505","VA",2020-03-15,-26.5
"1506","VA",2020-03-14,-17.9
"1507","VA",2020-03-13,-7.8
"1508","VA",2020-03-12,-6.5
"1509","VA",2020-03-11,-6.9
"1510","VA",2020-03-10,NA
"1511","VA",2020-03-09,-2.3
"1512","VA",2020-03-08,NA
"1513","VA",2020-03-07,-7.5
"1514","VA",2020-03-06,-10.7
"1515","VA",2020-03-05,-5.8
"1516","VA",2020-03-04,NA
"1517","VA",2020-03-03,NA
"1518","VA",2020-03-02,NA
"1519","VA",2020-03-01,NA
"1520","VT",2020-04-17,-53.32516778
"1521","VT",2020-04-16,-48.88049202
"1522","VT",2020-04-15,-47.06040613
"1523","VT",2020-04-14,-48.31261077
"1524","VT",2020-04-13,-55.41935937
"1525","VT",2020-04-12,-59.3334471
"1526","VT",2020-04-11,-53.64290521
"1527","VT",2020-04-10,-55.36014581
"1528","VT",2020-04-09,-53.96503808
"1529","VT",2020-04-08,-48.17949147
"1530","VT",2020-04-07,-44.03842477
"1531","VT",2020-04-06,-42.21107971
"1532","VT",2020-04-05,-57.60415324
"1533","VT",2020-04-04,-55.19099013
"1534","VT",2020-04-03,-53.97456833
"1535","VT",2020-04-02,-53.45928655
"1536","VT",2020-04-01,-46.47113435
"1537","VT",2020-03-31,-49.65800663
"1538","VT",2020-03-30,-56.24033626
"1539","VT",2020-03-29,-65.69862143
"1540","VT",2020-03-28,-56.89142511
"1541","VT",2020-03-27,-54.11445796
"1542","VT",2020-03-26,-51.95037593
"1543","VT",2020-03-25,-44.5
"1544","VT",2020-03-24,-43.1
"1545","VT",2020-03-23,-48.5
"1546","VT",2020-03-22,-46.8
"1547","VT",2020-03-21,-45
"1548","VT",2020-03-20,-42.9
"1549","VT",2020-03-19,-39
"1550","VT",2020-03-18,-30
"1551","VT",2020-03-17,-28
"1552","VT",2020-03-16,-17.1
"1553","VT",2020-03-15,-13.5
"1554","VT",2020-03-14,-13.4
"1555","VT",2020-03-13,-10.2
"1556","VT",2020-03-12,-2.4
"1557","VT",2020-03-11,-1.8
"1558","VT",2020-03-10,-3.2
"1559","VT",2020-03-09,1.7
"1560","VT",2020-03-08,9.1
"1561","VT",2020-03-07,12.5
"1562","VT",2020-03-06,4.1
"1563","VT",2020-03-05,2.3
"1564","VT",2020-03-04,NA
"1565","VT",2020-03-03,NA
"1566","VT",2020-03-02,NA
"1567","VT",2020-03-01,NA
"1568","WA",2020-04-17,-35.53034152
"1569","WA",2020-04-16,-30.98514929
"1570","WA",2020-04-15,-31.68552268
"1571","WA",2020-04-14,-34.31590801
"1572","WA",2020-04-13,-35.19571736
"1573","WA",2020-04-12,-52.04687152
"1574","WA",2020-04-11,-46.90329548
"1575","WA",2020-04-10,-41.83967256
"1576","WA",2020-04-09,-37.18306982
"1577","WA",2020-04-08,-34.71542104
"1578","WA",2020-04-07,-37.13136377
"1579","WA",2020-04-06,-38.71645199
"1580","WA",2020-04-05,-55.55115305
"1581","WA",2020-04-04,-51.76706227
"1582","WA",2020-04-03,-45.96747151
"1583","WA",2020-04-02,-43.41370283
"1584","WA",2020-04-01,-39.5878501
"1585","WA",2020-03-31,-36.47038269
"1586","WA",2020-03-30,-39.34879832
"1587","WA",2020-03-29,-53.56079283
"1588","WA",2020-03-28,-51.51756668
"1589","WA",2020-03-27,-45.37479479
"1590","WA",2020-03-26,-40.08465115
"1591","WA",2020-03-25,-32.5
"1592","WA",2020-03-24,-26.4
"1593","WA",2020-03-23,-24.2
"1594","WA",2020-03-22,-32.5
"1595","WA",2020-03-21,-23.2
"1596","WA",2020-03-20,-21.3
"1597","WA",2020-03-19,-17.3
"1598","WA",2020-03-18,-12.9
"1599","WA",2020-03-17,-9.5
"1600","WA",2020-03-16,-5.8
"1601","WA",2020-03-15,-18.9
"1602","WA",2020-03-14,-26
"1603","WA",2020-03-13,-13.1
"1604","WA",2020-03-12,-2.3
"1605","WA",2020-03-11,1.7
"1606","WA",2020-03-10,3.5
"1607","WA",2020-03-09,2.5
"1608","WA",2020-03-08,-3.8
"1609","WA",2020-03-07,-4.7
"1610","WA",2020-03-06,-2
"1611","WA",2020-03-05,0.7
"1612","WA",2020-03-04,3.8
"1613","WA",2020-03-03,3.8
"1614","WA",2020-03-02,-0.1
"1615","WA",2020-03-01,3.4
